{
  "coef": [
    -1.2610987775913647,
    0.28763158015207096,
    -1.563854171925213,
    0.015112133757641054,
    1.7718551759731769,
    -0.20800252679824668,
    -2.612362187144287,
    0.0673378968624226,
    -1.1756709655276734,
    1.430422360006131,
    -0.931556910504258,
    1.5811475287916787
  ],
  "intercept": -0.11945894545200125,
  "scaler_mean": [
    0.07134524923102847,
    1.9130348508368433,
    12.937508532423196,
    0.15119453924914683,
    25.027986348122855,
    1.4095563139931742,
    2.874027303754263,
    10.68573378839589,
    0.447098976109215,
    0.5426621160409556,
    0.24573378839590443,
    0.16382252559726962
  ],
  "scaler_scale": [
    0.10965971136179127,
    2.1932887014419733,
    16.549744404904708,
    0.26542439396588874,
    31.03412909979511,
    1.4626793432475897,
    4.235670421237142,
    16.153627829015566,
    0.49719360582302924,
    0.4981766191371373,
    0.43052142064768584,
    0.3701144494669202
  ]
}