{
  "coef": [
    -2.221212527903754,
    0.34895265327778635,
    -1.151681022363364,
    1.564309855750336,
    1.5875224791945624,
    -0.2618246284486866,
    -2.417741142969227,
    0.2386846364790456,
    -1.1860609083780904,
    1.801176477373308,
    -2.2247168590723048,
    2.4751854237732474
  ],
  "intercept": 0.2745975921905762,
  "scaler_mean": [
    0.062463457506853816,
    1.8949329339770886,
    11.31876632801167,
    0.20216255442670508,
    23.48214804063861,
    1.2917271407837445,
    2.3335123367198776,
    8.612148040638608,
    0.38316400580551524,
    0.4833091436865022,
    0.32801161103047893,
    0.14223512336719885
  ],
  "scaler_scale": [
    0.10649316215797264,
    2.099639457039665,
    17.69067058958235,
    0.2899984430014354,
    30.085089547693602,
    1.3748533869334427,
    4.694913206303657,
    20.231106745466096,
    0.4861577423641285,
    0.4997213376628255,
    0.4694890776787768,
    0.34929112935761286
  ]
}