{
  "coef": [
    -3.702991636946297,
    -0.1857720742052392,
    -0.5762865590997065,
    1.7828264947910661,
    -0.7557816218548848,
    0.0,
    -0.06895150005492942,
    0.25755181590048504,
    3.817761793387521,
    0.03900201245572216
  ],
  "intercept": -4.032225601573432,
  "scaler_mean": [
    0.045559425925925594,
    6.242816788154892,
    29.915992111854663,
    23.98200695829833,
    2194.9561915431987,
    0.0,
    1538.8454761904761,
    45.711206238095656,
    99.99380952380952,
    0.5022005666736766
  ],
  "scaler_scale": [
    0.16014487266146582,
    13.1276610861044,
    30.93113193799264,
    23.4019300689545,
    3326.531039811226,
    1.0,
    89.38749341790013,
    17.92262764334918,
    84.47109373012644,
    0.2768540631238376
  ]
}