{
  "coef": [
    -1.7861937793521427,
    0.14763285175526492,
    -0.2588862201801687,
    1.8360331625444157,
    -0.5769864735885443,
    0.0,
    -0.4237696123739336,
    -0.29694937771206054,
    3.666351036541745,
    -0.7452767231351425
  ],
  "intercept": -4.067483278654788,
  "scaler_mean": [
    0.028678684807256202,
    5.989138627223216,
    30.313460397162164,
    23.452413359013285,
    2171.776269081161,
    0.0,
    1539.4124597207303,
    45.87469924812027,
    92.484425349087,
    0.5283519652888929
  ],
  "scaler_scale": [
    0.12242461679372905,
    12.228790342606349,
    29.643600000906698,
    22.57509645802554,
    3201.4140212585457,
    1.0,
    83.752433092042,
    18.734612539897803,
    79.86342076664066,
    0.2672003806474428
  ]
}